PBC|KS1	Clade_33	non_elongating
PBC|KS2	Clade_36	non_elongating_reduced/bOH
PBC|KS3	Clade_87	exometh/red_bMe
PBC|KS4	clade_not_conserved	NA
PBC|KS5	Clade_23	pyran/furan
PBC|KS6	Clade_56	b_L_OH
PBC|KS7	Clade_63	mainly_eDB
PBC|KS8	Clade_3	bimod_bOH
PBC|KS9	Clade_62	eDB
PBC|KS10	Clade_3	bimod_bOH
PBC|KS11	Clade_63	mainly_eDB
PBC|KS12	Clade_71	b_keto
PBC|KS13	clade_not_conserved	NA
GO485|KS11	Clade_66	double_bonds
GO485|KS12	Clade_31	eDB
GO485|KS13	Clade_5	shifted_double_bonds
GO485|KS1	Clade_2	amino acids
GO485|KS2	Clade_62	eDB
GO485|KS3	Clade_87	exometh/red_bMe
GO485|KS4	Clade_85	aMe_bOH
GO485|KS5	Clade_62	eDB
GO485|KS6	Clade_87	exometh/red_bMe
GO485|KS7	Clade_80	aMe_b_L_OH
GO485|KS8	Clade_62	eDB
GO485|KS9	Clade_66	double_bonds
GO485|KS10	Clade_50	b_OH
AWB69|KS8	Clade_62	eDB
AWB69|KS9	Clade_65	double_bonds
AWB69|KS10	Clade_50	b_OH
AWB69|KS5	Clade_62	eDB
AWB69|KS6	Clade_87	exometh/red_bMe
AWB69|KS7	Clade_111	b_DOH
AWB69|KS1	Clade_2	amino acids
AWB69|KS2	Clade_62	eDB
AWB69|KS3	Clade_87	exometh/red_bMe
AWB69|KS4	Clade_89	b_keto
AWB69|KS13	clade_not_conserved	NA
AWB69|KS12	clade_not_conserved	NA
AWB69|KS11	Clade_68	double_bonds
DK441|KS1	Clade_8	GNAT_Starter
DK441|KS2	Clade_87	exometh/red_bMe
DK441|KS3	Clade_56	b_L_OH
DK441|KS4	Clade_80	aMe_b_L_OH
DK441|KS5	Clade_62	eDB
DK441|KS6	Clade_87	exometh/red_bMe
DK441|KS7	Clade_62	eDB
DK441|KS8	Clade_87	exometh/red_bMe
DK441|KS9	clade_not_conserved	NA
DK441|KS10	Clade_62	eDB
DK441|KS11	Clade_68	double_bonds
DK441|KS12	Clade_50	b_OH
DK441|KS13	clade_not_conserved	NA
DK441|KS14	Clade_31	eDB
DK441|KS15	clade_not_conserved	NA
XB90|KS1	Clade_8	GNAT_Starter
XB90|KS2	Clade_60	non_elongating_b_OH
XB90|KS3	Clade_113	a_Me_b_OH
XB90|KS4	Clade_82	b_MeeDB
XB90|KS5	Clade_62	eDB
XB90|KS6	Clade_82	b_MeeDB
XB90|KS7	Clade_80	aMe_b_L_OH
XB90|KS8	Clade_1	amino acids
XB90|KS9	Clade_12	reduced/shifted_double_bonds
XB90|KS10	Clade_60	non_elongating_b_OH
DO63|KS1	Clade_1	amino acids
DO63|KS2	Clade_12	reduced/shifted_double_bonds
DO63|KS3	Clade_62	eDB
DO63|KS4	Clade_82	b_MeeDB
DO63|KS5	Clade_80	aMe_b_L_OH
DO63|KS6	Clade_8	GNAT_Starter
DO63|KS7	Clade_60	non_elongating_b_OH
DO63|KS8	Clade_113	a_Me_b_OH
DO63|KS9	Clade_82	b_MeeDB
DO63|KS10	Clade_60	non_elongating_b_OH
BLU84|KS1	Clade_2	amino acids
BLU84|KS2	Clade_62	eDB
BLU84|KS3	Clade_87	exometh/red_bMe
BLU84|KS4	Clade_89	b_keto
BLU84|KS5	Clade_62	eDB
BLU84|KS6	Clade_87	exometh/red_bMe
BLU84|KS7	Clade_80	aMe_b_L_OH
BLU84|KS8	Clade_62	eDB
BLU84|KS9	Clade_66	double_bonds
BLU84|KS10	Clade_50	b_OH
BLU84|KS11	clade_not_conserved	NA
BLU84|KS12	Clade_31	eDB
BLU84|KS13	Clade_5	shifted_double_bonds
ASC93|KS1	Clade_111	b_DOH
ASC93|KS2	Clade_47	aMe_eDB
ASC93|KS3	Clade_87	exometh/red_bMe
ASC93|KS4	Clade_82	b_MeeDB
ASC93|KS5	Clade_87	exometh/red_bMe
ASC93|KS6	clade_not_conserved	NA
ASC93|KS7	Clade_62	eDB
ASC93|KS8	Clade_68	double_bonds
ASC93|KS9	Clade_50	b_OH
ASC93|KS10	Clade_43	zDB
CR152|KS1	clade_not_conserved	NA
CR152|KS2	Clade_62	eDB
CR152|KS3	Clade_87	exometh/red_bMe
CR152|KS4	clade_not_conserved	NA
CR152|KS5	Clade_62	eDB
CR152|KS6	Clade_87	exometh/red_bMe
CR152|KS7	Clade_111	b_DOH
CR152|KS8	Clade_62	eDB
CR152|KS9	clade_not_conserved	NA
CR152|KS10	Clade_50	b_OH
CR152|KS11	clade_not_conserved	NA
CR152|KS12	Clade_31	eDB
CR152|KS13	Clade_41	acetyl_Starter
K350|KS1	Clade_10	aromatic_Starter
K350|KS2	Clade_47	aMe_eDB
K350|KS3	Clade_87	exometh/red_bMe
K350|KS4	Clade_62	eDB
K350|KS5	Clade_87	exometh/red_bMe
K350|KS6	clade_not_conserved	NA
K350|KS7	Clade_82	b_MeeDB
K350|KS8	Clade_50	b_OH
K350|KS9	Clade_45	lactate_Starter
K350|KS10	clade_not_conserved	NA
K350|KS11	clade_not_conserved	NA
Leinamycin|KS1	Clade_75	non_elongating_oxazole/thiazole
Leinamycin|KS2	Clade_66	double_bonds
Leinamycin|KS3	Clade_4	bimod_bOH
Leinamycin|KS4	Clade_66	double_bonds
Leinamycin|KS5	Clade_89	b_keto
Leinamycin|KS6	Clade_48	aMe_eDB
Leinamycin|KS7	Clade_105	reduced/shifted double_bonds
Guangnanmycin|KS1	Clade_75	non_elongating_oxazole/thiazole
Guangnanmycin|KS2	Clade_66	double_bonds
Guangnanmycin|KS3	Clade_4	bimod_bOH
Guangnanmycin|KS4	Clade_66	double_bonds
Guangnanmycin|KS5	Clade_89	b_keto
Guangnanmycin|KS6	Clade_48	aMe_eDB
Guangnanmycin|KS7	Clade_105	reduced/shifted double_bonds
Weishanmycin|KS1	Clade_75	non_elongating_oxazole/thiazole
Weishanmycin|KS2	Clade_66	double_bonds
Weishanmycin|KS3	Clade_4	bimod_bOH
Weishanmycin|KS4	Clade_66	double_bonds
Weishanmycin|KS5	Clade_89	b_keto
Weishanmycin|KS6	Clade_48	aMe_eDB
Weishanmycin|KS7	Clade_105	reduced/shifted double_bonds
Largimycin|KS1	Clade_75	non_elongating_oxazole/thiazole
Largimycin|KS2	Clade_66	double_bonds
Largimycin|KS3	Clade_4	bimod_bOH
Largimycin|KS4	Clade_66	double_bonds
Largimycin|KS5	Clade_89	b_keto
Largimycin|KS6	Clade_48	aMe_eDB
Largimycin|KS7	Clade_105	reduced/shifted double_bonds
2hg4chainAEry|KS1	Clade_40	cis-AT PKS-like 
2qo3chainAEry|KS1	Clade_40	cis-AT PKS-like
9methylstreptimidone|KS1	Clade_6	unusual_Starter_AMT 
9methylstreptimidone|KS2	Clade_61	non_elongating_zDB
9methylstreptimidone|KS3	Clade_39	vinylogous_chain_branching
9methylstreptimidone|KS4	Clade_52	b_OH|eDB
9methylstreptimidone|KS5	Clade_93	aMe_red|bOH|bketo  
albicidin|KS1	Clade_10	aromatic_Starter
albicidin|KS2	Clade_47	aMe_eDB 
anthracimycin|KS1	Clade_41	acetyl_Starter 
anthracimycin|KS2	Clade_50	b_OH
anthracimycin|KS3	Clade_27	(shifted)_DB |a_Me_reduced
anthracimycin|KS4	Clade_91	mostly_shifted_DB 
anthracimycin|KS5	Clade_66	double_bonds 
anthracimycin|KS6	Clade_66	double_bonds
anthracimycin|KS7	Clade_89	b_keto
anthracimycin|KS8	Clade_91	mostly_shifted_DB
anthracimycin|KS9	Clade_66	double_bonds 
anthracimycin|KS10	Clade_29	b_OH|keto 
bacillaeneBamy|KS1	Clade_1	amino acids
bacillaeneBamy|KS2	Clade_12	reduced|shifted_double_bonds 
bacillaeneBamy|KS3	Clade_3	bimod_bOH
bacillaeneBamy|KS4	Clade_69	zDB 
bacillaeneBamy|KS5	Clade_64	eDB 
bacillaeneBamy|KS6	Clade_82	b_MeeDB
bacillaeneBamy|KS7	Clade_3	bimod_bOH
bacillaeneBamy|KS8	Clade_69	zDB 
bacillaeneBamy|KS9	Clade_47	aMe_eDB
bacillaeneBamy|KS10	Clade_1	amino acids 
bacillaeneBamy|KS11	Clade_12	reduced|shifted_double_bonds 
bacillaeneBamy|KS12	Clade_12	reduced|shifted_double_bonds
bacillaeneBamy|KS13	Clade_72	non_elongating_aMeeDB
bacillaeneBamy|KS14	Clade_33	non_elongating 
bacillaeneBsub|KS1	Clade_1	amino acids 
bacillaeneBsub|KS2	Clade_12	reduced|shifted_double_bonds
bacillaeneBsub|KS3	Clade_3	bimod_bOH
bacillaeneBsub|KS4	Clade_69	zDB 
bacillaeneBsub|KS5	Clade_64	eDB
bacillaeneBsub|KS6	Clade_82	b_MeeDB 
bacillaeneBsub|KS7	Clade_3	bimod_bOH
bacillaeneBsub|KS8	Clade_69	zDB 
bacillaeneBsub|KS9	Clade_47	aMe_eDB 
bacillaeneBsub|KS10	Clade_79	non_elongating_b_L_OH 
bacillaeneBsub|KS11	Clade_1	amino acids
bacillaeneBsub|KS12	Clade_12	reduced|shifted_double_bonds 
bacillaeneBsub|KS13	Clade_12	reduced|shifted_double_bonds 
bacillaeneBsub|KS14	Clade_72	non_elongating_aMeeDB 
bacillaeneBsub|KS15	Clade_33	non_elongating
basiliskamides|KS5	Clade_8	GNAT_Starter 
basiliskamides|KS2	Clade_93	aMe_red|bOH|bketo 
basiliskamides|KS4	Clade_54	b_OH
basiliskamides|KS3	Clade_4	bimod_bOH
basiliskamides|KS1	Clade_93	aMe_red|bOH|bketo
bongkrekic|KS2	Clade_82	b_MeeDB 
bongkrekic|KS3	Clade_93	aMe_red|bOH|bketo 
bongkrekic|KS4	Clade_78	b_L_OH
bongkrekic|KS5	Clade_64	eDB
bongkrekic|KS6	Clade_3	bimod_bOH
bongkrekic|KS1	Clade_40	cis-AT PKS-like
bongkrekic|KS7	Clade_64	eDB 
bongkrekic|KS8	Clade_12	reduced|shifted_double_bonds
bongkrekic|KS9	Clade_64	eDB 
bongkrekic|KS10	Clade_93	aMe_red|bOH|bketo
bongkrekic|KS11	Clade_64	eDB 
bongkrekic|KS12	Clade_74	non_elongating_DB
bryostatin|KS1	Clade_45	lactate_Starter
bryostatin|KS2	Clade_78	b_L_OH 
bryostatin|KS3	Clade_54	b_OH
bryostatin|KS4	Clade_87	exometh|red_bMeh 
bryostatin|KS5	Clade_93	aMe_red|bOH|bketo
bryostatin|KS6	Clade_62	eDB 
bryostatin|KS7	Clade_78	b_L_OH 
bryostatin|KS8	Clade_87	exometh|red_bMe
bryostatin|KS9	Clade_23	furan |pyran
bryostatin|KS10	Clade_93	aMe_red|bOH|bketo
bryostatin|KS11	Clade_60	non_elongating_b_OH 
bryostatin|KS12	Clade_78	b_L_OH 
bryostatin|KS13	Clade_54	b_OH
bryostatin|KS14	Clade_8	GNAT_Starter
bryostatin|KS15	Clade_62	eDB
bryostatin|KS16	Clade_86	non_elongating_DB
calyculin|KS2	Clade_12	reduced|shifted_double_bonds 
calyculin|KS1	Clade_1	amino acids
calyculin|KS3	Clade_34	b_OH|non_elongating_hemiacetal
calyculin|KS4	Clade_1	amino acids
calyculin|KS5	Clade_93	aMe_red|bOH|bketo
calyculin|KS6	Clade_33	non_elongating
calyculin|KS7	Clade_75	non_elongating_oxazole 
calyculin|KS8	Clade_44	oxazole  
calyculin|KS9	Clade_62	eDB 
calyculin|KS10	Clade_36	non_elongating
calyculin|KS11	Clade_32	b_keto 
calyculin|KS12	Clade_12	reduced|shifted_double_bonds 
calyculin|KS13	Clade_80	aMe_b_L_OH 
calyculin|KS14	Clade_60	non_elongating_b_OH
calyculin|KS16	Clade_93	aMe_red|bOH|bketo 
calyculin|KS15	Clade_83	b_OMe
calyculin|KS17	Clade_34	b_OH |non_elongating_hemiacetal
calyculin|KS18	Clade_53	mostly_a_OH_b_OH
calyculin|KS19	Clade_60	non_elongating_b_OH 
calyculin|KS20	Clade_83	b_OMe 
calyculin|KS21	Clade_80	aMe_b_L_OH  
calyculin|KS22	Clade_80	aMe_b_L_OH 
calyculin|KS23	Clade_47	aMe_eDB
calyculin|KS24	Clade_82	b_MeeDB
calyculin|KS25	Clade_62	eDB 
calyculin|KS26	Clade_33	non_elongating
calyculin|KS27	Clade_1	amino acids 
calyculin|KS28	Clade_72	non_elongating_aMeeDB
calyculin|KS29	Clade_5	shifted_double_bonds
chivosazole|KS2	Clade_22	b_OH
chivosazole|KS3	Clade_91	mostly_shifted_DB
chivosazole|KS4	Clade_85	aMe_bOH
chivosazole|KS5	Clade_4	bimod_bOH
chivosazole|KS6	Clade_66	double_bonds
chivosazole|KS7	Clade_48	aMe_eDB
chivosazole|KS8	Clade_29	b_OH|keto
chivosazole|KS9	Clade_49	non_elongating_b_OH
chivosazole|KS10	Clade_75	non_elongating_oxazole 
chivosazole|KS11	Clade_44	oxazole 
chivosazole|KS12	Clade_4	bimod_bOH
chivosazole|KS13	Clade_68	double_bonds 
chivosazole|KS14	AutoClade_1	a_L_Meb_L_OH
chivosazole|KS15	Clade_48	aMe_eDB 
chivosazole|KS16	Clade_4	bimod_bOH
chivosazole|KS17	Clade_66	double_bonds 
chivosazole|KS18	Clade_73	non_elongating
chlorotonil|KS1	Clade_41	acetyl_Starter
chlorotonil|KS2	Clade_50	b_OH
chlorotonil|KS3	Clade_27	(shifted)_DB|a_Me_reduced
chlorotonil|KS4	Clade_84	aMe_z_shifted_DB
chlorotonil|KS5	Clade_66	double_bonds
chlorotonil|KS6	Clade_66	double_bonds
chlorotonil|KS7	Clade_91	mostly_shifted_DB 
chlorotonil|KS8	Clade_84	aMe_z_shifted_DB
chlorotonil|KS9	Clade_67	double_bonds
chlorotonil|KS10	Clade_29	b_OH|keto 
corallopyronin|KS1	Clade_19	methoxycarbonyl_Starter
corallopyronin|KS2	Clade_20	amino_acids
corallopyronin|KS3	Clade_31	eDB
corallopyronin|KS4	Clade_21	reduced|shifted_double_bonds 
corallopyronin|KS5	Clade_48	aMe_eDB
corallopyronin|KS6	Clade_27	(shifted)_DB |a_Me_reduced
corallopyronin|KS7	Clade_41	acetyl_Starter
corallopyronin|KS8	Clade_42	DB|DB_Starter
corallopyronin|KS9	Clade_26	reduced
corallopyronin|KS10	AutoClade_3	bMeDB
corallopyronin|KS11	Clade_26	reduced
corallopyronin|KS12	Clade_81	b_D_OMe|b_Me
corallopyronin|KS13	Clade_48	aMe_eDB
cycloheximide|KS1	Clade_6	unusual_Starter_AMT
cycloheximide|KS2	Clade_61	non_elongating_zDB
cycloheximide|KS3	Clade_39	vinylogous_chain_branching
cycloheximide|KS4	Clade_52	b_OH|eDB
cycloheximide|KS5	Clade_93	aMe_red|bOH|bketo 
diaphorin|KS10	Clade_11	oxygen_insertion
diaphorin|KS11	Clade_12	reduced|shifted_double_bonds 
diaphorin|KS1	Clade_8	GNAT_Starter 
diaphorin|KS2	Clade_54	b_OH 
diaphorin|KS3	Clade_87	exometh|red_bMe
diaphorin|KS4	Clade_34	b_OH|non_elongating_hemiacetal
diaphorin|KS5	Clade_1	amino acids
diaphorin|KS6	Clade_54	b_OH
diaphorin|KS7	Clade_80	aMe_b_L_OH 
diaphorin|KS8	Clade_23	furan|pyran
diaphorin|KS9	Clade_78	b_L_OH 
difficidin|KS1	Clade_42	DB|DB_Starter 
difficidin|KS2	Clade_47	aMe_eDB
difficidin|KS3	Clade_12	reduced|shifted_double_bonds 
difficidin|KS4	Clade_54	b_OH
difficidin|KS5	Clade_3	bimod_bOH
difficidin|KS6	Clade_69	zDB
difficidin|KS7	Clade_47	aMe_eDB
difficidin|KS8	Clade_78	b_L_OH
difficidin|KS9	Clade_12	reduced|shifted_double_bonds
difficidin|KS10	Clade_4	bimod_bOH
difficidin|KS11	Clade_65	double_bonds
difficidin|KS12	Clade_3	bimod_bOH
difficidin|KS13	Clade_62	eDB
difficidin|KS14	Clade_93	aMe_red|bOH|bketo
disorazole|KS1	Clade_41	acetyl_Starter
disorazole|KS2	Clade_42	DB|DB_Starter
disorazole|KS3	Clade_85	aMe_bOH
disorazole|KS4	Clade_23	furan|pyran
disorazole|KS5	Clade_43	zDB
disorazole|KS6	Clade_43	zDB
disorazole|KS7	Clade_66	double_bonds 
disorazole|KS8	Clade_100	non-elongating_zDB
disorazole|KS10	Clade_73	non_elongating 
disorazole|KS9	Clade_75	non_elongating_oxazole
dorrigocin|KS1	Clade_6	unusual_Starter_AMT 
dorrigocin|KS2	Clade_61	non_elongating_zDB 
dorrigocin|KS3	Clade_39	vinylogous_chain_branching 
dorrigocin|KS4	Clade_52	b_OH|eDB 
dorrigocin|KS5	Clade_93	aMe_red|bOH|bketo 
dorrigocin|KS6	Clade_63	double_bonds 
dorrigocin|KS7	Clade_93	aMe_red|bOH|bketo 
dorrigocin|KS8	Clade_93	aMe_red|bOH|bketo  
dorrigocin|KS9	Clade_12	reduced|shifted_double_bonds 
dorrigocin|KS10	Clade_12	reduced|shifted_double_bonds 
elansolidCpin|KS1	Clade_10	aromatic_Starter 
elansolidCpin|KS2	Clade_47	aMe_eDB 
elansolidCpin|KS3	Clade_93	aMe_red|bOH|bketo 
elansolidCpin|KS4	Clade_93	aMe_red|bOH|bketo
elansolidCpin|KS5	Clade_63	double_bonds 
elansolidCpin|KS6	Clade_82	b_MeeDB 
elansolidCpin|KS7	Clade_4	bimod_bOH
elansolidCpin|KS8	Clade_65	double_bonds 
elansolidCpin|KS9	Clade_79	non_elongating_b_L_OH 
elansolidCpin|KS10	Clade_63	double_bonds 
elansolidCpin|KS11	Clade_54	b_OH 
elansolidCpin|KS12	Clade_78	b_L_OH
elansolidCpin|KS13	Clade_47	aMe_eDB 
elansolidCsan|KS1	Clade_10	aromatic_Starter
elansolidCsan|KS2	Clade_47	aMe_eDB
elansolidCsan|KS3	Clade_93	aMe_red|bOH|bketo 
elansolidCsan|KS4	Clade_93	aMe_red|bOH|bketo 
elansolidCsan|KS5	Clade_63	double_bonds 
elansolidCsan|KS6	Clade_82	b_MeeDB
elansolidCsan|KS7	Clade_4	bimod_bOH
elansolidCsan|KS8	Clade_65	double_bonds
elansolidCsan|KS9	Clade_79	non_elongating_b_L_OH
elansolidCsan|KS10	Clade_63	double_bonds
elansolidCsan|KS11	Clade_54	b_OH
elansolidCsan|KS12	Clade_78	b_L_OH 
elansolidCsan|KS13	Clade_47	aMe_eDB 
elansolidCsan|KS14	Clade_74	non_elongating_DB
elansolidCpin|KS14	Clade_74	non_elongating_DB
enacyloxin|KS10	Clade_98	b_OH|eDB
enacyloxin|KS11	Clade_74	non_elongating_DB 
enacyloxin|KS8	Clade_98	b_OH|eDB
enacyloxin|KS9	Clade_40	cis-AT PKS-like 
enacyloxin|KS7	Clade_98	b_OH|eDB
enacyloxin|KS5	Clade_40	cis-AT PKS-like 
enacyloxin|KS4	Clade_98	b_OH|eDB 
enacyloxin|KS2	Clade_98	b_OH|eDB
enacyloxin|KS3	Clade_98	b_OH|eDB
etnangien|KS1	Clade_6	unusual_Starter_AMT 
etnangien|KS2	Clade_87	exometh|red_bMe
etnangien|KS3	Clade_54	b_OH
etnangien|KS4	Clade_64	eDB 
etnangien|KS5	Clade_64	eDB
etnangien|KS6	Clade_64	eDB 
etnangien|KS7	Clade_82	b_MeeDB
etnangien|KS8	Clade_93	aMe_red|bOH|bketo 
etnangien|KS9	Clade_54	b_OH
etnangien|KS10	Clade_79	non_elongating_b_L_OH
etnangien|KS11	Clade_12	reduced|shifted_double_bonds
etnangien|KS12	Clade_79	non_elongating_b_L_OH 
etnangien|KS13	Clade_83	b_OMe 
etnangien|KS14	Clade_4	bimod_bOH
etnangien|KS15	Clade_41	acetyl_Starter
etnangien|KS16	Clade_64	eDB 
etnangien|KS17	AutoClade_2	reda_L_Me
etnangien|KS18	Clade_54	b_OH
etnangien|KS19	Clade_54	b_OH
etnangien|KS20	Clade_79	non_elongating_b_L_OH
FR901464|KS1	Clade_45	lactate_Starter 
FR901464|KS2	Clade_60	non_elongating_b_OH
FR901464|KS3	Clade_86	non_elongating_DB
FR901464|KS4	Clade_1	amino acids
FR901464|KS5	Clade_93	aMe_red|bOH|bketo 
FR901464|KS6	Clade_23	furan|pyran
FR901464|KS7	Clade_47	aMe_eDB
FR901464|KS8	Clade_62	eDB
FR901464|KS10	Clade_53	mostly_a_OH_b_OH
FR901464|KS9	Clade_87	exometh|red_bMe
FR901464|KS11	Clade_36	non_elongating
FR901464|KS12	Clade_23	furan|pyran
griseoviridin|KS1	Clade_9	Starter 
griseoviridin|KS2	Clade_48	aMe_eDB
griseoviridin|KS3	Clade_2	amino acids 
griseoviridin|KS4	Clade_66	double_bonds
griseoviridin|KS5	Clade_81	b_D_OMe|b_Me 
griseoviridin|KS6	Clade_51	b_OH 
griseoviridin|KS7	Clade_75	non_elongating_oxazole
kalimantacin|KS1	Clade_8	GNAT_Starter 
kalimantacin|KS2	Clade_1	amino acids
kalimantacin|KS3	Clade_78	b_L_OH 
kalimantacin|KS4	Clade_54	b_OH 
kalimantacin|KS5	Clade_87	exometh|red_bMe 
kalimantacin|KS6	Clade_64	eDB 
kalimantacin|KS7	Clade_3	bimod_bOH
kalimantacin|KS8	Clade_70	eDB
kalimantacin|KS9	Clade_12	reduced|shifted_double_bonds 
kalimantacin|KS10	Clade_87	exometh|red_bMe 
kalimantacin|KS11	Clade_87	exometh|red_bMe 
kirromycin|KS1	Clade_9	Starter
kirromycin|KS2	Clade_4	bimod_bOH
kirromycin|KS3	Clade_66	double_bonds 
kirromycin|KS4	Clade_22	b_OH 
kirromycin|KS5	Clade_22	b_OH  
kirromycin|KS6	Clade_7	unusual_Starter
kirromycin|KS7	Clade_66	double_bonds
kirromycin|KS8	Clade_66	double_bonds 
kirromycin|KS9	Clade_22	b_OH 
kirromycin|KS10	Clade_29	b_OH|keto
kirromycin|KS11	Clade_4	bimod_bOH
kirromycin|KS12	Clade_66	double_bonds
lankacidin|KS1	Clade_37	mainly_b_OH 
lankacidin|KS2	Clade_48	aMe_eDB
lankacidin|KS3	Clade_66	double_bonds
lankacidin|KS4	Clade_37	mainly_b_OH
lankacidin|KS5	Clade_89	b_keto
legioliulin|KS1	Clade_98	aromatic_starter
legioliulin|KS2	Clade_65	double_bonds
legioliulin|KS3	Clade_29	b_OH|keto 
legioliulin|KS4	Clade_71	b_keto 
legioliulin|KS5	Clade_40	cis-AT PKS-like
leinamycin|KS1	Clade_75	non_elongating_oxazole
leinamycin|KS2	Clade_44	oxazole  
leinamycin|KS3	Clade_4	bimod_bOH
leinamycin|KS4	Clade_66	double_bonds 
leinamycin|KS5	Clade_89	b_keto
leinamycin|KS6	Clade_48	aMe_eDB 
leinamycin|KS7	Clade_21	reduced|shifted_double_bonds
luminaolid|KS1	Clade_30	glycine
luminaolid|KS2	Clade_27	(shifted)_DB  |a_Me_reduced
luminaolid|KS3	Clade_49	non_elongating_b_OH
luminaolid|KS4	Clade_81	b_D_OMe|b_Me 
luminaolid|KS5	Clade_65	double_bonds 
luminaolid|KS6	Clade_90	red_a_L_Me 
luminaolid|KS7	Clade_80	aMe_b_L_OH 
luminaolid|KS8	Clade_85	aMe_bOH 
luminaolid|KS9	Clade_78	b_L_OH
luminaolid|KS10	Clade_80	aMe_b_L_OH 
luminaolid|KS11	Clade_60	non_elongating_b_OH 
luminaolid|KS12	Clade_83	b_OMe
luminaolid|KS13	Clade_54	b_OH
luminaolid|KS14	Clade_3	bimod_bOH
luminaolid|KS15	Clade_69	zDB 
luminaolid|KS16	Clade_23	furan|pyran
luminaolid|KS17	Clade_54	b_OH 
luminaolid|KS18	Clade_74	non_elongating_DB 
macrolactinB|KS1	Clade_41	acetyl_Starter 
macrolactinB|KS2	Clade_102	bDOH
macrolactinB|KS3	Clade_26	reduced
macrolactinB|KS4	Clade_65	double_bonds
macrolactinB|KS5	Clade_65	double_bonds
macrolactinB|KS6	Clade_29	b_OH|keto 
macrolactinB|KS7	Clade_65	double_bonds
macrolactinB|KS8	Clade_4	bimod_bOH
macrolactinB|KS9	Clade_65	double_bonds 
macrolactinB|KS11	Clade_4	bimod_bOH
macrolactinB|KS10	Clade_65	double_bonds
malleilactone|KS1	Clade_2	amino acids
malleilactone|KS3	Clade_47	aMe_eDB 
misakinolide|KS1	Clade_41	acetyl_Starter 
misakinolide|KS2	Clade_29	b_OH|keto
misakinolide|KS3	Clade_49	non_elongating_b_OH
misakinolide|KS4	Clade_81	b_D_OMe|b_Me
misakinolide|KS5	Clade_27	(shifted)_DB|a_Me_reduced
misakinolide|KS6	Clade_90	red_a_L_Me
misakinolide|KS8	Clade_85	aMe_bOH
misakinolide|KS9	Clade_80	aMe_b_L_OH 
misakinolide|KS9	Clade_78	b_L_OH 
misakinolide|KS10	Clade_80	aMe_b_L_OH  
misakinolide|KS11	Clade_60	non_elongating_b_OH
misakinolide|KS12	Clade_83	b_OMe 
misakinolide|KS13	Clade_54	b_OH 
misakinolide|KS14	Clade_3	bimod_bOH
misakinolide|KS15	Clade_69	zDB
misakinolide|KS16	Clade_23	furan |pyran
misakinolide|KS17	Clade_54	b_OH 
misakinolide|KS18	Clade_47	aMe_eDB 
misakinolide|KS19	Clade_74	non_elongating_DB 
mupirocin|KS5	Clade_34	b_OH|non_elongating_hemiacetal
mupirocin|KS6	Clade_53	mostly_a_OH_b_OH 
mupirocin|KS7	Clade_63	double_bonds 
mupirocin|KS8	Clade_63	double_bonds 
mupirocin|KS1	Clade_7	unusual_Starter
mupirocin|KS2	Clade_93	aMe_red|bOH|bketo
mupirocin|KS3	Clade_63	double_bonds 
mupirocin|KS4	Clade_93	aMe_red|bOH|bketo
mupirocin|KS9	Clade_74	non_elongating_DB 
myxopyronin|KS1	Clade_19	methoxycarbonyl_Starter
myxopyronin|KS2	Clade_20	amino_acids
myxopyronin|KS3	Clade_31	eDB
myxopyronin|KS4	Clade_21	reduced|shifted_double_bonds 
myxopyronin|KS5	Clade_48	aMe_eDB 
myxopyronin|KS6	Clade_27	(shifted)_DB|a_Me_reduced
myxopyronin|KS7	Clade_41	acetyl_Starter 
myxopyronin|KS8	Clade_42	DB|DB_Starter 
myxopyronin|KS9	Clade_26	reduced 
myxopyronin|KS10	Clade_81	b_D_OMe|b_Me
myxopyronin|KS11	Clade_48	aMe_eDB 
myxovirescin|KS6	Clade_1	amino acids
myxovirescin|KS7	Clade_54	b_OH
myxovirescin|KS8	Clade_34	b_OH|non_elongating_hemiacetal
myxovirescin|KS9	Clade_53	mostly_a_OH_b_OH 
myxovirescin|KS10	Clade_12	reduced|shifted_double_bonds 
myxovirescin|KS11	Clade_82	b_MeeDB 
myxovirescin|KS12	Clade_64	eDB 
myxovirescin|KS2	Clade_87	exometh|red_bMe
myxovirescin|KS3	Clade_12	reduced|shifted_double_bonds
myxovirescin|KS4	Clade_12	reduced|shifted_double_bonds 
myxovirescin|KS5	Clade_12	reduced|shifted_double_bonds 
myxovirescin|KS1	Clade_93	aMe_red|bOH|bketo
nosperin|KS1	Clade_8	GNAT_Starter
nosperin|KS2	Clade_54	b_OH
nosperin|KS3	Clade_87	exometh|red_bMe
nosperin|KS4	Clade_34	b_OH|non_elongating_hemiacetal
nosperin|KS5	Clade_1	amino acids
nosperin|KS6	Clade_72	non_elongating_aMeeDB 
nosperin|KS7	Clade_5	shifted_double_bonds 
nosperin|KS8	Clade_60	non_elongating_b_OH 
onnamide|KS1	Clade_8	GNAT_Starter
onnamide|KS2	Clade_54	b_OH 
onnamide|KS3	Clade_87	exometh|red_bMe
onnamide|KS4	Clade_34	b_OH|non_elongating_hemiacetal
onnamide|KS5	Clade_1	amino acids
onnamide|KS6	Clade_54	b_OH 
onnamide|KS7	Clade_80	aMe_b_L_OH  
onnamide|KS8	Clade_23	furan |pyran
onnamide|KS9	Clade_78	b_L_OH
onnamide|KS10	Clade_72	non_elongating_aMeeDB
onnamide|KS11	Clade_5	shifted_double_bonds
onnamide|KS12	Clade_62	eDB
oocydinDdad|KS1	Clade_92	unusual_Starter
oocydinDdad|KS2	Clade_87	exometh|red_bMe 
oocydinDdad|KS3	Clade_11	oxygen_insertion
oocydinDdad|KS4	Clade_82	b_MeeDB
oocydinDdad|KS5	Clade_34	b_OH|non_elongating_hemiacetal
oocydinDdad|KS6	Clade_77	aOH_bOH 
oocydinDdad|KS7	Clade_78	b_L_OH
oocydinDdad|KS8	Clade_23	furan|pyran
oocydinDdad|KS9	Clade_12	reduced|shifted_double_bonds
oocydinDdad|KS10	Clade_33	non_elongating 
oocydinDdad|KS11	Clade_34	b_OH|non_elongating_hemiacetal
oocydinDdad|KS12	Clade_12	reduced|shifted_double_bonds 
oocydinDdad|KS13	Clade_80	aMe_b_L_OH 
oocydinDdad|KS14	Clade_69	zDB 
oocydinDdad|KS15	Clade_79	non_elongating_b_L_OH 
oocydinDdad|KS16	Clade_86	non_elongating_DB
oocydinSmar|KS1	Clade_92	unusual_Starter
oocydinSmar|KS2	Clade_87	exometh|red_bMe
oocydinSmar|KS3	Clade_11	oxygen_insertion
oocydinSmar|KS4	Clade_82	b_MeeDB 
oocydinSmar|KS5	Clade_34	b_OH|non_elongating_hemiacetal
oocydinSmar|KS6	Clade_77	aOH_bOH 
oocydinSmar|KS7	Clade_78	b_L_OH
oocydinSmar|KS8	Clade_23	furan |pyran
oocydinSmar|KS9	Clade_12	reduced|shifted_double_bonds 
oocydinSmar|KS10	Clade_33	non_elongating
oocydinSmar|KS11	Clade_34	b_OH|non_elongating_hemiacetal
oocydinSmar|KS12	Clade_12	reduced|shifted_double_bonds
oocydinSmar|KS13	Clade_80	aMe_b_L_OH 
oocydinSmar|KS14	Clade_69	zDB
oocydinSmar|KS15	Clade_79	non_elongating_b_L_OH
oocydinSmar|KS16	Clade_86	non_elongating_DB 
oxazolomycin|KS5	Clade_48	aMe_eDB 
oxazolomycin|KS6	Clade_30	glycine 
oxazolomycin|KS7	Clade_66	double_bonds 
oxazolomycin|KS8	Clade_3	bimod_bOH
oxazolomycin|KS9	Clade_70	eDB 
oxazolomycin|KS10	Clade_80	aMe_b_L_OH  
oxazolomycin|KS11	Clade_60	non_elongating_b_OH
oxazolomycin|KS12	Clade_83	b_OMe
oxazolomycin|KS2	Clade_2	amino acids
oxazolomycin|KS3	Clade_66	double_bonds
oxazolomycin|KS4	Clade_43	zDB
oxazolomycin|KS1	Clade_2	amino acids
pederin|KS4	Clade_34	b_OH|non_elongating_hemiacetal
pederin|KS5	Clade_1	amino acids
pederin|KS6	Clade_54	b_OH
pederin|KS7	Clade_80	aMe_b_L_OH  
pederin|KS8	Clade_23	furan |pyran
pederin|KS9	Clade_78	b_L_OH 
pederin|KS10	Clade_11	oxygen_insertion 
pederin|KS11	Clade_12	reduced|shifted_double_bonds
pederin|KS12	Clade_62	eDB
pederin|KS13	Clade_74	non_elongating_DB
pederin|KS1	Clade_8	GNAT_Starter
pederin|KS2	Clade_54	b_OH 
pederin|KS3	Clade_87	exometh|red_bMe 
phormidolide|KS13	Clade_87	exometh|red_bMe
phormidolide|KS14	Clade_62	eDB 
phormidolide|KS15	Clade_86	non_elongating_DB 
phormidolide|KS9	Clade_34	b_OH|non_elongating_hemiacetal
phormidolide|KS10	Clade_77	aOH_bOH 
phormidolide|KS11	Clade_78	b_L_OH 
phormidolide|KS12	Clade_23	furan |pyran
phormidolide|KS4	Clade_54	b_OH
phormidolide|KS5	Clade_54	b_OH
phormidolide|KS6	Clade_80	aMe_b_L_OH 
phormidolide|KS7	Clade_54	b_OH 
phormidolide|KS8	Clade_82	b_MeeDB 
phormidolide|KS1	Clade_92	unusual_Starter 
phormidolide|KS2	Clade_87	exometh|red_bMe 
phormidolide|KS3	Clade_12	reduced|shifted_double_bonds
psymberin|KS1	Clade_8	GNAT_Starter
psymberin|KS2	Clade_87	exometh|red_bMe
psymberin|KS3	Clade_34	b_OH |non_elongating_hemiacetal
psymberin|KS4	Clade_1	amino acids
psymberin|KS5	Clade_54	b_OH
psymberin|KS6	Clade_80	aMe_b_L_OH 
psymberin|KS7	Clade_23	furan|pyran
psymberin|KS8	Clade_80	aMe_b_L_OH 
psymberin|KS9	Clade_78	b_L_OH 
psymberin|KS10	Clade_71	b_keto
psymberin|KS11	Clade_40	cis-AT PKS-like
rhizopodin|KS1	Clade_30	glycine
rhizopodin|KS2	Clade_31	eDB
rhizopodin|KS3	Clade_49	non_elongating_b_OH
rhizopodin|KS4	Clade_81	b_D_OMe|b_Me 
rhizopodin|KS5	Clade_67	double_bonds 
rhizopodin|KS6	Clade_90	red_a_L_Me
rhizopodin|KS7	Clade_49	non_elongating_b_OH
rhizopodin|KS8	Clade_81	b_D_OMe|b_Me
rhizopodin|KS9	Clade_90	red_a_L_Me 
rhizopodin|KS10	Clade_73	non_elongating 
rhizopodin|KS11	Clade_75	non_elongating_oxazole 
rhizopodin|KS12	Clade_44	oxazole 
rhizopodin|KS13	Clade_49	non_elongating_b_OH 
rhizopodin|KS14	Clade_81	b_D_OMe|b_Me
rhizopodin|KS15	Clade_101	biomod_bOH
rhizopodin|KS16	Clade_68	double_bonds
rhizopodin|KS17	Clade_49	non_elongating_b_OH 
rhizopodin|KS18	Clade_81	b_D_OMe|b_Me
rhizopodin|KS19	Clade_34	b_OH|non_elongating_hemiacetal
rhizoxins|KS1	Clade_33	non_elongating 
rhizoxins|KS2	Clade_75	non_elongating_oxazole
rhizoxins|KS3	Clade_44	oxazole 
rhizoxins|KS4	Clade_47	aMe_eDB 
rhizoxins|KS5	Clade_62	eDB
rhizoxins|KS6	Clade_47	aMe_eDB
rhizoxins|KS7	Clade_80	aMe_b_L_OH  
rhizoxins|KS8	Clade_53	mostly_a_OH_b_OH
rhizoxins|KS9	Clade_80	aMe_b_L_OH 
rhizoxins|KS10	Clade_12	reduced|shifted_double_bonds
rhizoxins|KS11	Clade_72	non_elongating_aMeeDB
rhizoxins|KS12	Clade_5	shifted_double_bonds 
rhizoxins|KS13	Clade_78	b_L_OH
rhizoxins|KS14	Clade_61	non_elongating_zDB
rhizoxins|KS15	Clade_39	vinylogous_chain_branching
rhizoxins|KS16	Clade_74	non_elongating_DB
SIA7248|KS1	Clade_45	lactate_Starter  
SIA7248|KS2	Clade_78	b_L_OH 
SIA7248|KS3	Clade_78	b_L_OH 
SIA7248|KS4	Clade_78	b_L_OH
SIA7248|KS5	Clade_63	double_bonds
SIA7248|KS6	Clade_78	b_L_OH 
SIA7248|KS7	Clade_78	b_L_OH
SIA7248|KS8	Clade_82	b_MeeDB
SIA7248|KS9	Clade_67	double_bonds
SIA7248|KS10	Clade_64	eDB
SIA7248|KS11	Clade_68	double_bonds
SIA7248|KS12	Clade_71	b_keto
SIA7248|KS13	Clade_40	cis-AT PKS-like
sorangicin|KS1	Clade_6	unusual_Starter_AMT
sorangicin|KS2	Clade_12	reduced|shifted_double_bonds
sorangicin|KS3	Clade_93	aMe_red|bOH|bketo 
sorangicin|KS4	Clade_47	aMe_eDB
sorangicin|KS5	Clade_78	b_L_OH 
sorangicin|KS6	Clade_82	b_MeeDB
sorangicin|KS7	Clade_3	bimod_bOH
sorangicin|KS8	Clade_74	non_elongating_DB
sorangicin|KS9	Clade_23	furan|pyran
sorangicin|KS10	Clade_64	eDB 
sorangicin|KS11	Clade_12	reduced|shifted_double_bonds
sorangicin|KS12	Clade_47	aMe_eDB
sorangicin|KS13	Clade_93	aMe_red|bOH|bketo 
sorangicin|KS14	Clade_78	b_L_OH 
sorangicin|KS15	Clade_93	aMe_red|bOH|bketo 
sorangicin|KS16	Clade_23	furan |pyran
sorangicin|KS17	Clade_64	eDB 
sorangicin|KS18	Clade_93	aMe_red|bOH|bketo
sorangicin|KS19	Clade_83	b_OMe
sorangicin|KS20	Clade_23	furan |pyran
sorangicin|KS21	Clade_64	eDB
sorangicin|KS22	Clade_3	bimod_bOH
sorangicin|KS23	Clade_64	eDB
sorangicin|KS24	Clade_74	non_elongating_DB 
tartrolon|KS1	Clade_45	lactate_Starter
tartrolon|KS2	Clade_38	reduced 
tartrolon|KS3	Clade_4	bimod_bOH 
tartrolon|KS4	Clade_42	DB|DB_Starter
tartrolon|KS5	Clade_36	non_elongating 
tartrolon|KS6	Clade_5	shifted_double_bonds
tartrolon|KS7	Clade_37	mainly_b_OH
tartrolon|KS8	Clade_32	b_keto
tartrolon|KS9	Clade_51	b_OH
tartrolon|KS10	Clade_76	non_elongating
tartrolon|KS11	Clade_38	reduced
thailandamide|KS1	Clade_7	unusual_Starter
thailandamide|KS2	Clade_78	b_L_OH 
thailandamide|KS3	Clade_63	double_bonds
thailandamide|KS4	Clade_33	non_elongating 
thailandamide|KS5	Clade_1	amino acids
thailandamide|KS6	Clade_63	double_bonds
thailandamide|KS7	Clade_82	b_MeeDB 
thailandamide|KS8	Clade_3	bimod_bOH
thailandamide|KS9	Clade_70	eDB
thailandamide|KS10	Clade_71	b_keto 
thailandamide|KS11	Clade_52	b_OH|eDB
thailandamide|KS12	Clade_64	eDB
thailandamide|KS13	Clade_82	b_MeeDB
thailandamide|KS14	Clade_63	double_bonds
thailandamide|KS15	Clade_47	aMe_eDB
thailandamide|KS16	Clade_60	non_elongating_b_OH 
thailanstatin|KS1	Clade_45	lactate_Starter
thailanstatin|KS2	Clade_60	non_elongating_b_OH 
thailanstatin|KS3	Clade_86	non_elongating_DB 
thailanstatin|KS4	Clade_1	amino acids
thailanstatin|KS5	Clade_93	aMe_red|bOH|bketo  
thailanstatin|KS6	Clade_23	furan|pyran
thailanstatin|KS7	Clade_47	aMe_eDB
thailanstatin|KS8	Clade_62	eDB 
thailanstatin|KS9	Clade_53	mostly_a_OH_b_OH
thailanstatin|KS10	Clade_87	exometh|red_bMe
thailanstatin|KS11	Clade_36	non_elongating
thailanstatin|KS12	Clade_23	furan |pyran
thiomarinol|KS5	Clade_34	b_OH|non_elongating_hemiacetal
thiomarinol|KS6	Clade_53	mostly_a_OH_b_OH
thiomarinol|KS7	Clade_63	double_bonds
thiomarinol|KS8	Clade_63	double_bonds
thiomarinol|KS9	Clade_12	reduced|shifted_double_bonds
thiomarinol|KS1	Clade_7	unusual_Starter
thiomarinol|KS2	Clade_93	aMe_red|bOH|bketo 
thiomarinol|KS3	Clade_63	double_bonds 
thiomarinol|KS4	Clade_93	aMe_red|bOH|bketo 
tolytoxin|KS1	Clade_30	glycine
tolytoxin|KS2	Clade_27	(shifted)_DB|a_Me_reduced
tolytoxin|KS3	Clade_49	non_elongating_b_OH
tolytoxin|KS4	Clade_81	b_D_OMe|b_Me 
tolytoxin|KS5	Clade_65	double_bonds 
tolytoxin|KS6	Clade_90	red_a_L_Me
tolytoxin|KS7	Clade_80	aMe_b_L_OH 
tolytoxin|KS8	Clade_85	aMe_bOH 
tolytoxin|KS9	Clade_78	b_L_OH 
tolytoxin|KS10	Clade_80	aMe_b_L_OH  
tolytoxin|KS11	Clade_60	non_elongating_b_OH 
tolytoxin|KS12	Clade_83	b_OMe 
tolytoxin|KS13	Clade_54	b_OH 
tolytoxin|KS14	Clade_3	bimod_bOH
tolytoxin|KS15	Clade_69	zDB
tolytoxin|KS16	Clade_23	furan |pyran
tolytoxin|KS17	Clade_54	b_OH 
tolytoxin|KS18	Clade_47	aMe_eDB 
tolytoxin|KS19	Clade_74	non_elongating_DB 
virginiamycin|KS4	Clade_9	Starter
virginiamycin|KS5	Clade_48	aMe_eDB 
virginiamycin|KS6	Clade_2	amino acids
virginiamycin|KS7	Clade_66	double_bonds 
virginiamycin|KS3	Clade_81	b_D_OMe|b_Me
virginiamycin|KS2	Clade_51	b_OH
virginiamycin|KS1	Clade_75	non_elongating_oxazole 
